{"cameraMode":{"drawMode":0,"name":"Shaded","section":"Shading Mode"},"sceneLighting":true,"audioPlay":false,"sceneViewState":{"showFog":true,"showMaterialUpdate":false,"showSkybox":true,"showFlares":true,"showImageEffects":true,"showParticleSystems":true},"in2DMode":false,"pivot":{"x":8.677755355834961,"y":0.42201024293899538,"z":-3.2808287143707277},"rotation":{"x":0.10236512869596482,"y":-0.15453635156154633,"z":0.016100214794278146,"w":0.9825384020805359},"size":21.353975296020509,"orthographic":false}